Strain_ID	Seq_ID	GWAS_ID	Seq_method	Sino_species	Host	Host_simple	Country_Lat	Country_Long	Detail_Lat	Detail_Long	Country	State	City	Source	Problem	Date.Collected	Month	Year	Pool_101	GWAS_meliloti	Phenotyping_Biolog	Phenotyping_binary	Phenotyping_growth	bio_1	bio_10	bio_11	bio_12	bio_13	bio_14	bio_15	bio_16	bio_17	bio_18	bio_19	bio_2	bio_3	bio_4	bio_5	bio_6	bio_7	bio_8	bio_9
2119	2119	2119	illumina_2	S. meliloti			NA	NA	NA	NA								2011	NA	Y	Y	Y	NA	NA	NA	NA	NA	NA	NA	NA	NA	NA	NA	NA	NA	NA	NA	NA	NA	NA	NA	NA
3011	3011	3011	illumina_2	S. meliloti			-30	26	NA	NA	South Africa			Australia				NA	Y	Y	Y	Y	NA	145	206	71	472	76	10	57	211	36	192	36	162	50	5320	293	-26	319	200	71
3082	3082	3082	illumina_2				-25	135	NA	NA	Australia			Australia				NA	NA		Y	Y	NA	219	294	136	164	26	3	48	63	18	63	32	159	48	6175	379	49	330	294	192
3085	3085	3085	illumina_2	S. meliloti			-25	135	NA	NA	Australia			Australia				NA	NA	Y	Y	Y	NA	219	294	136	164	26	3	48	63	18	63	32	159	48	6175	379	49	330	294	192
USDA1004	USDA1004	1004	illumina_2		Medicago rigidula	M. rigidula	39	22	NA	NA	Greece			Greece		3/1/94		1994	NA		Y	Y	NA	135	224	50	804	123	17	47	319	79	82	316	112	36	6815	309	0	309	65	221
USDA1005	USDA1005	1005	illumina_2	S. meliloti	Medicago sativa	M. sativa	39.828175	-98.5795	44.709718	-89.81731	United States	WI		U. Wisconsin		1927		1927	NA	Y	Y	Y	NA	59	193	-91	829	109	24	43	313	85	303	85	118	27	10939	272	-164	436	180	-91
USDA1006	USDA1006	1006	illumina_2	S. meliloti	Medicago sativa	M. sativa	39.828175	-98.5795	43.634605	-91.497287	United States	MN	Caldonia	Caledonia, Minn.		Aug. 1932	Aug	1932	NA	Y	Y	Y	NA	67	202	-89	841	107	23	44	318	82	318	82	116	26	11206	279	-162	441	202	-89
USDA1007	USDA1007	1007	illumina_2	S. meliloti	Medicago sativa	M. sativa	39.828175	-98.5795	46.160989	-94.432685	United States	MN		Minnesota		1932		1932	NA	Y	Y	Y	NA	50	197	-117	689	104	16	52	289	57	289	57	124	25	12092	278	-199	477	197	-117
USDA1008	USDA1008	1008	illumina_2	S. meliloti	Medicago sativa	M. sativa	39.828175	-98.5795	39.053281	-76.711353	United States	MD		Maryland		1933		1933	Y	Y	Y	Y	NA	128	235	17	1082	108	73	12	305	237	305	237	115	32	8469	306	-45	351	235	17
USDA1010	USDA1010	1010	illumina_2		Medicago sativa	M. sativa	39.828175	-98.5795	43.136205	-87.95826	United States	WI	Nitragin	Nitragin Co. Wisc.		1926		1926	NA			Y	NA	81	205	-54	806	94	29	31	274	114	272	114	98	25	10006	274	-115	389	198	-54
USDA1018	USDA1018	1018	illumina_2	S. meliloti	Medicago sativa	M. sativa	39.828175	-98.5795	36.492461	-119.643598	United States	CA		California		1940		1940	Y	Y	Y	Y	NA	169	255	82	247	48	0	84	134	2	2	126	153	44	6814	364	22	342	100	255
USDA1020A	USDA1020a	1020	illumina_2		Medicago sativa	M. sativa	39.828175	-98.5795	47.497998	-100.413565	United States	ND		North Dakota		1948		1948	NA		Y	Y	NA	47	197	-117	435	84	11	62	203	38	198	38	131	27	12133	290	-191	481	173	-117
USDA1022	USDA1022	1022	illumina_2	S. meliloti	Medicago sativa	M. sativa	39.828175	-98.5795	44.709718	-89.81731	United States	WI		U. Wisconsin		1935		1935	Y	Y	Y	Y	NA	59	193	-91	829	109	24	43	313	85	303	85	118	27	10939	272	-164	436	180	-91
USDA1023	USDA1023	1023	illumina_2	S. meliloti	Medicago sativa	M. sativa	39.828175	-98.5795	33.827873	-80.760812	United States	SC		South Carolina		1948		1948	Y	Y	Y	Y	NA	175	264	82	1162	136	63	23	384	214	384	275	130	40	7052	332	11	321	264	129
USDA1024A	USDA1024a	1024	illumina_2	S. meliloti	Medicago sativa	M. sativa	NA	NA	NA	NA	Africa			Africa		1950		1950	NA	Y	Y	Y	NA	NA	NA	NA	NA	NA	NA	NA	NA	NA	NA	NA	NA	NA	NA	NA	NA	NA	NA	NA
USDA1025	USDA1025	1025	illumina_2	S. meliloti	Medicago sativa	M. sativa	39.828175	-98.5795	34.474496	-111.691365	United States	AR		Arizona		1949		1949	NA	Y	Y	Y	NA	146	242	59	539	74	10	41	183	53	144	160	172	46	7174	345	-23	368	236	175
USDA1027	USDA1027	1027	illumina_2	S. meliloti	Medicago sativa	M. sativa	39.059012	34.911546	NA	NA	Turkey			Turkey		1952		1952	Y	Y	Y	Y	NA	93	182	-1	407	53	6	46	148	30	52	128	128	38	7095	275	-58	333	86	178
USDA1031	USDA1031	1031	illumina_2	S. meliloti	Medicago sativa	M. sativa	39.059012	34.911546	NA	NA	Turkey			Turkey		1952		1952	Y	Y	Y	Y	NA	93	182	-1	407	53	6	46	148	30	52	128	128	38	7095	275	-58	333	86	178
USDA1035	USDA1035	1035	illumina_2	S. meliloti	Medicago sativa	M. sativa	39.828175	-98.5795	46.160989	-94.432685	United States	MN		Minnesota		1959		1959	NA	Y	Y	Y	NA	50	197	-117	689	104	16	52	289	57	289	57	124	25	12092	278	-199	477	197	-117
USDA1066	USDA1066	1066	illumina_2		Medicago polymorpha (California burclover) var vulgaris	M. polymorpha	39.059012	34.911546	NA	NA	Turkey			Turkey		1952		1952	NA		Y	Y	NA	93	182	-1	407	53	6	46	148	30	52	128	128	38	7095	275	-58	333	86	178
USDA1107	USDA1107	1107	illumina_2	S. meliloti	Medicago sativa	M. sativa	-10	-55	NA	NA	Brazil			MIRCEN				NA	Y	Y	Y	Y	NA	255	262	249	2304	383	9	70	1060	49	586	85	144	69	631	362	155	207	250	251
USDA1146	USDA1146	1146	illumina_2	S. meliloti	Medicago sativa (Alfalfa)	M. sativa	60	-96	52.96584	-114.413299	Canada	Alberta	Winfield	Winfield, Alberta, Canada		1956		1956	NA	Y	Y	Y	NA	18	139	-117	516	100	17	65	260	60	260	63	149	33	10024	224	-217	441	139	-43
USDA1148	USDA1148	1148	illumina_2		Medicago sativa (Alfalfa)	M. sativa	-30	26	NA	NA	South Africa			South Africa, BLD		1958		1958	NA		Y	Y	NA	145	206	71	472	76	10	57	211	36	192	36	162	50	5320	293	-26	319	200	71
USDA1149	USDA1149	1149	illumina_2		Medicago sativa (Alfalfa)	M. sativa	-25	135	NA	NA	Australia			Australia		1959		1959	NA		Y	Y	NA	219	294	136	164	26	3	48	63	18	63	32	159	48	6175	379	49	330	294	192
USDA1150	USDA1150	1150	illumina_2		Medicago sativa (Alfalfa)	M. sativa	-25	135	NA	NA	Australia			Australia		1959		1959	NA		Y	Y	NA	219	294	136	164	26	3	48	63	18	63	32	159	48	6175	379	49	330	294	192
USDA1158	USDA1158	1158	illumina_2	S. meliloti	Medicago sativa (Alfalfa) (TEAM)	M. sativa	39.828175	-98.5795	35.650546	-78.456295	United States	NC	Clayton	Clayton, N.C. (Biodoz)		April, 1973	April	1973	Y	Y	Y	Y	NA	154	248	56	1173	129	77	15	351	243	351	279	128	38	7450	317	-14	331	248	109
USDA1161	USDA1160	1161	illumina_2	S. meliloti	Medicago sativa (Alfalfa)	M. sativa	39.828175	-98.5795	35.509328	-78.351077	United States	NC	Smithfield	Smithfield, N.C.		April, 1973	April	1973	NA	Y	Y		NA	157	250	60	1189	140	76	19	371	234	371	276	130	39	7355	320	-10	330	250	111
USDA1162	USDA1162	1162	illumina_2	S. meliloti	Medicago sativa (Alfalfa)	M. sativa	-25	135	-35.309895	149.124135	Australia		Canbera	Canbera, Australia		March, 1977	Mar	1977	Y	Y	Y	Y	NA	129	196	61	642	66	38	14	185	135	165	139	132	46	5248	280	-4	284	125	69
USDA1163	USDA1163	1163	illumina_2	S. meliloti	Medicago sativa (Alfalfa) (CUF 101)	M. sativa	34	9	36.6343	10.864607	Tunisia		Korba	Korba, Tunisia		June, 82	June	1982	Y	Y	Y	Y	NA	180	257	110	300	64	1	71	158	12	21	142	115	41	5772	336	58	278	114	253
USDA1169	USDA1169	1169	illumina_2		Medicago ciliaris	M. ciliaris	34	9	NA	NA	Tunisia			Tunisia		Sept. 1980	Sept	1980	NA		Y	Y	NA	207	300	110	109	15	1	48	40	5	5	36	129	37	7414	388	47	341	164	300
USDA1170	USDA1170	1170	illumina_2	S. meliloti	Medicago laciniata	M. laciniata	34	9	34.968168	9.955566	Tunisia		Saida	Saida, Tunisia		June, 82	June	1982	Y	Y	Y	Y	NA	183	261	107	202	27	2	45	68	16	34	67	122	40	6015	347	47	300	199	259
USDA1171	USDA1171	1171	illumina_2	S. meliloti	Medicago arborea	M. arborea	34	9	NA	NA	Tunisia			Tunisia		April, 1984	April	1984	Y	Y	Y	Y	NA	207	300	110	109	15	1	48	40	5	5	36	129	37	7414	388	47	341	164	300
USDA1180	USDA1180	1180	illumina_2	S. meliloti	Medicago sativa (Alfalfa)	M. sativa	34	9	NA	NA	Tunisia		Safy	Safy, Tunisia		1981		1981	Y	Y	Y	Y	NA	207	300	110	109	15	1	48	40	5	5	36	129	37	7414	388	47	341	164	300
USDA1183	USDA1183	1183	illumina_2	S. meliloti	Medicago sativa (Alfalfa)	M. sativa	39.828175	-98.5795	44.748227	-93.085555	United States	MN	Rosemount	University of Minnesota				NA	Y	Y	Y	Y	NA	70	210	-90	778	108	22	47	313	73	313	73	116	25	11585	288	-165	453	210	-90
USDA1184	USDA1184	1184	illumina_2	S. meliloti	Medicago sativa (Alfalfa)	M. sativa	39.828175	-98.5795	44.748227	-93.085555	United States	MN	Rosemount	University of Minnesota				NA	NA	Y	Y	Y	NA	70	210	-90	778	108	22	47	313	73	313	73	116	25	11585	288	-165	453	210	-90
USDA1186	USDA1186	1186	illumina_2	S. meliloti	Medicago sativa (Alfalfa)	M. sativa	39.828175	-98.5795	44.98988	-93.176092	United States	MN	Falcon Heights	University of Minnesota				NA	NA	Y	Y	Y	NA	70	210	-86	753	110	22	49	313	71	313	71	111	25	11474	285	-159	444	210	-86
USDA1187	USDA1187	1187	illumina_2	S. meliloti	Medicago sativa (Alfalfa)	M. sativa	39.828175	-98.5795	44.076855	-93.508027	United States	MN	Waseca	University of Minnesota				NA	NA	Y	Y	Y	NA	65	206	-98	794	108	22	46	315	75	315	75	117	25	11724	282	-175	457	206	-98
USDA1191	USDA1191	1191	illumina_2	S. meliloti	Medicago sativa (Alfalfa)	M. sativa	39.828175	-98.5795	44.076855	-93.508027	United States	MN	Waseca	University of Minnesota				NA	NA	Y	Y	Y	NA	65	206	-98	794	108	22	46	315	75	315	75	117	25	11724	282	-175	457	206	-98
USDA1195	USDA1195	1195	illumina_2	S. meliloti	Medicago sativa (Alfalfa)	M. sativa	39.828175	-98.5795	45.393745	-93.876931	United States	MN	Becker	University of Minnesota				NA	NA	Y	Y	Y	NA	63	205	-100	735	113	20	51	307	66	307	66	123	26	11782	288	-180	468	205	-100
USDA1198	USDA1198	1198	illumina_2	S. meliloti	Medicago sativa (Alfalfa)	M. sativa	39.828175	-98.5795	47.237213	-93.529933	United States	MN	Grand Rapids	University of Minnesota				NA	Y	Y	Y	Y	NA	36	180	-131	692	107	14	55	303	59	303	59	127	26	11962	262	-218	480	180	-131
USDA1199	USDA1199	1199	illumina_2	S. meliloti	Medicago sativa (Alfalfa)	M. sativa	39.828175	-98.5795	46.3689	-94.802315	United States	MN	Staples	University of Minnesota				NA	NA	Y	Y	Y	NA	47	195	-121	683	106	16	52	288	58	288	58	123	25	12163	274	-203	477	195	-121
USDA1200	USDA1200	1200	illumina_2	S. meliloti	Medicago sativa (Alfalfa)	M. sativa	39.828175	-98.5795	46.3689	-94.802315	United States	MN	Staples	University of Minnesota				NA	NA	Y	Y		NA	47	195	-121	683	106	16	52	288	58	288	58	123	25	12163	274	-203	477	195	-121
USDA1201	USDA1201	1201	illumina_2		Medicago sativa (Alfalfa)	M. sativa	39.828175	-98.5795	48.84608	-95.762247	United States	MN	Roseau	University of Minnesota				NA	NA		Y	Y	NA	22	174	-156	535	92	12	62	251	47	251	47	128	25	12805	257	-244	501	174	-156
USDA1202	USDA1202	1202	illumina_2	S. meliloti	Medicago sativa (Alfalfa)	M. sativa	39.828175	-98.5795	48.84608	-95.762247	United States	MN	Roseau	University of Minnesota				NA	NA	Y	Y	Y	NA	22	174	-156	535	92	12	62	251	47	251	47	128	25	12805	257	-244	501	174	-156
USDA1203	USDA1203	1203	illumina_2	S. meliloti	Medicago sativa (Alfalfa)	M. sativa	39.828175	-98.5795	44.98988	-93.176092	United States	MN	Falcon Heights	University of Minnesota				NA	NA	Y	Y	Y	NA	70	210	-86	753	110	22	49	313	71	313	71	111	25	11474	285	-159	444	210	-86
USDA1204	USDA1204	1204	illumina_2	S. meliloti	Medicago sativa (Alfalfa)	M. sativa	39.828175	-98.5795	44.98988	-93.176092	United States	MN	Falcon Heights	University of Minnesota				NA	NA	Y	Y	Y	NA	70	210	-86	753	110	22	49	313	71	313	71	111	25	11474	285	-159	444	210	-86
USDA1205	USDA1205	1205	illumina_2	S. meliloti	Medicago sativa (Alfalfa)	M. sativa	39.828175	-98.5795	47.237213	-93.529933	United States	MN	Grand Rapids	University of Minnesota				NA	NA	Y	Y	Y	NA	36	180	-131	692	107	14	55	303	59	303	59	127	26	11962	262	-218	480	180	-131
USDA1206	USDA1206	1206	illumina_2	S. meliloti	Medicago sativa (Alfalfa)	M. sativa	39.828175	-98.5795	47.237213	-93.529933	United States	MN	Grand Rapids	University of Minnesota				NA	NA	Y	Y	Y	NA	36	180	-131	692	107	14	55	303	59	303	59	127	26	11962	262	-218	480	180	-131
USDA1208	USDA1208	1208	illumina_2	S. meliloti	Medicago sativa (Alfalfa)	M. sativa	39.828175	-98.5795	47.774355	-96.609678	United States	MN	Crookston	University of Minnesota				NA	NA	Y	Y	Y	NA	40	196	-139	519	89	12	60	238	41	238	41	122	24	12975	277	-219	496	196	-139
USDA1210	USDA1210	1210	illumina_2	S. meliloti	Medicago sativa (Alfalfa)	M. sativa	39.828175	-98.5795	44.98988	-93.176092	United States	MN	Falcon Heights	University of Minnesota				NA	NA	Y	Y	Y	NA	70	210	-86	753	110	22	49	313	71	313	71	111	25	11474	285	-159	444	210	-86
USDA1211	USDA1211	1211	illumina_2	S. meliloti	Medicago sativa (Alfalfa)	M. sativa	39.828175	-98.5795	44.563946	-123.262938	United States	OR	Corvalis	Oregon State University				NA	NA	Y	Y	Y	NA	112	180	50	1102	194	12	68	543	64	68	507	117	44	5122	273	9	264	53	178
USDA1212	USDA1212	1212	illumina_2	S. meliloti	Medicago sativa (Alfalfa)	M. sativa	60	-96	55.213054	-119.423462	Canada	Alberta	Beaverlodge	Agriculture Canada		1/20/88	Jan	1988	NA	Y	Y	Y	NA	19	142	-120	484	71	21	44	208	70	208	87	112	27	10302	217	-195	412	142	-41
USDA1214	USDA1214	1214	illumina_2	S. meliloti	Medicago sativa (Alfalfa)	M. sativa	60	-96	55.213054	-119.423462	Canada	Alberta	Beaverlodge	Agriculture Canada		1/20/88	Jan	1988	Y	Y	Y	Y	NA	19	142	-120	484	71	21	44	208	70	208	87	112	27	10302	217	-195	412	142	-41
USDA1215	USDA1215	1215	illumina_2	S. meliloti	Medicago sativa (Alfalfa)	M. sativa	39.828175	-98.5795	45.393745	-93.876931	United States	MN	Becker	Becker, Minnesota		10-84.	Oct	1984	NA	Y	Y	Y	NA	63	205	-100	735	113	20	51	307	66	307	66	123	26	11782	288	-180	468	205	-100
USDA1220	USDA1220	1220	illumina_2	S. meliloti	Medicago sativa (Alfalfa)	M. sativa	39.828175	-98.5795	45.393745	-93.876931	United States	MN	Becker	Becker, Minnesota		10-84.	Oct	1984	NA	Y	Y	Y	NA	63	205	-100	735	113	20	51	307	66	307	66	123	26	11782	288	-180	468	205	-100
USDA1221	USDA1221	1221	illumina_2	S. meliloti	Medicago sativa (Alfalfa)	M. sativa	39.828175	-98.5795	46.207066	-119.768929	United States	WA	Prosser	IAREC, Prosser, Wash.		5-18-82.	May	1982	Y	Y	Y	Y	NA	113	211	16	195	30	5	42	81	24	26	72	135	39	7573	313	-32	345	20	204
USDA1222	USDA1222	1222	illumina_2	S. meliloti	Medicago sativa (Alfalfa)	M. sativa	39.828175	-98.5795	46.207066	-119.768929	United States	WA	Prosser	Prosser, Wash. 		5-18-82.	May	1982	NA	Y	Y	Y	NA	113	211	16	195	30	5	42	81	24	26	72	135	39	7573	313	-32	345	20	204
USDA1225	USDA1225	1225	illumina_2	S. meliloti	Medicago sativa (Alfalfa)	M. sativa	39.828175	-98.5795	45.742409	-119.195687	United States	OR	Echo	Echo, Oregon		5-9-80.	May	1980	Y	Y	Y	Y	NA	117	214	24	251	35	6	42	99	27	32	91	133	38	7403	317	-27	344	29	209
USDA1227	USDA1227	1227	illumina_2	S. meliloti	Medicago sativa (Alfalfa)	M. sativa	39.828175	-98.5795	45.500783	-119.824361	United States	OR	Ione	Ione, Oregon		5-9-80.	May	1980	Y	Y	Y	Y	NA	113	209	25	258	35	7	39	100	30	35	90	132	39	7176	312	-25	337	29	204
USDA1232	USDA1232	1232	illumina_2	S. meliloti	Medicago sativa (Alfalfa)	M. sativa	39.828175	-98.5795	44.290868	-120.855461	United States	OR	Prineville	Prineville, Oregon		5-28-80.	May	1980	NA	Y	Y	Y	NA	79	163	3	263	34	11	33	96	38	51	83	171	48	6278	291	-62	353	6	159
USDA1235	USDA1235	1235	illumina_2	S. meliloti	Medicago sativa (Alfalfa)	M. sativa	39.828175	-98.5795	45.742409	-119.195687	United States	OR	Echo	Echo, Oregon		5-9-82.	May	1982	NA	Y	Y	Y	NA	117	214	24	251	35	6	42	99	27	32	91	133	38	7403	317	-27	344	29	209
USDA1237	USDA1237	1237	illumina_2	S. meliloti	Medicago sativa (Alfalfa)	M. sativa	39.828175	-98.5795	38.686747	-122.018995	United States	CA	Esparto	2.5 miles N of Esparto, CA		10-27-81.	Oct	1981	NA	Y	Y	Y	NA	161	240	83	522	114	1	90	287	7	7	287	162	47	6207	358	19	339	83	240
USDA1248	USDA1248	1248	illumina_2	S. meliloti	Medicago sativa (Alfalfa)	M. sativa	39.828175	-98.5795	38.547549	-121.740266	United States	CA	Davis	UC Davis Agronomy Farm		10-27-81.	Oct	1981	Y	Y	Y	Y	NA	158	230	82	472	105	1	88	262	7	7	262	151	48	5889	342	28	314	82	230
USDA1264	USDA1264	1264	illumina_2	S. meliloti	Medicago sativa (Alfalfa)	M. sativa	39.828175	-98.5795	39.522369	-119.81583	United States	NV	Reno	Valley Road, Reno, Nevada		10/1/81.	Oct	1981	Y	Y	Y	Y	NA	101	197	12	223	36	8	47	93	27	28	93	176	45	7231	320	-66	386	12	192
USDA1280	USDA1280	1280	illumina_2	S. meliloti	Medicago sativa (Alfalfa)	M. sativa	39.828175	-98.5795	32.315322	-106.764992	United States	NM	Las Cruces	Plant Science Farm, Las Cruces		5/17/82.	May	1982	Y	Y	Y	Y	NA	160	257	65	233	51	4	72	126	18	108	38	182	48	7535	348	-31	379	248	156
USDA1289	USDA1289	1289	illumina_2	S. meliloti	Medicago sativa (Alfalfa)	M. sativa	39.828175	-98.5795	46.871014	-96.792129	United States	ND	Fargo	North Dakota State U		10/15/81.	Oct	1981	Y	Y	Y	Y	NA	51	202	-119	528	87	11	57	234	42	234	42	120	25	12429	283	-197	480	202	-119
USDA1302	USDA1302	1302	illumina_2	S. meliloti	Medicago sativa (Alfalfa)	M. sativa	39.828175	-98.5795	44.309262	-96.798751	United States	SD	Brookings	South Dakota State University Nutrition Unit North, Old 77		10/02/81.	Oct	1981	Y	Y	Y	Y	NA	61	204	-101	575	100	10	61	256	35	254	35	126	26	11722	286	-182	468	181	-101
USDA1308	USDA1308	1308	illumina_2	S. meliloti	Medicago sativa (Alfalfa)	M. sativa	39.828175	-98.5795	41.228575	-96.493892	United States	NE	Mead	Mead Experiment Station		10/06/81.	Oct	1981	Y	Y	Y	Y	NA	101	233	-42	783	113	15	51	309	59	293	59	128	29	10587	312	-118	430	211	-42
USDA1320	USDA1320	1320	illumina_2	S. meliloti	Medicago sativa (Alfalfa)	M. sativa	39.828175	-98.5795	39.186835	-96.573558	United States	KS	Manhattan	Ashland Research Farm		11/25/81	Nov	1981	NA	Y	Y	Y	NA	122	248	-12	857	136	20	51	354	69	325	69	132	31	10041	329	-92	421	225	-12
USDA1325	USDA1325	1325	illumina_2	S. meliloti	Medicago sativa (Alfalfa)	M. sativa	39.828175	-98.5795	39.186835	-96.573558	United States	KS	Manhattan	Ashland Research Farm		11/25/86	Nov	1986	NA	Y	Y	Y	NA	122	248	-12	857	136	20	51	354	69	325	69	132	31	10041	329	-92	421	225	-12
USDA1335	USDA1335	1335	illumina_2	S. meliloti	Medicago sativa (Alfalfa)	M. sativa	39.828175	-98.5795	39.186835	-96.573558	United States	KS	Manhattan	Ashland Research Farm		11/25/96	Nov	1996	Y	Y	Y	Y	NA	122	248	-12	857	136	20	51	354	69	325	69	132	31	10041	329	-92	421	225	-12
USDA1336	USDA1336	1336	illumina_2	S. meliloti	Medicago sativa (Alfalfa)	M. sativa	39.828175	-98.5795	34.379673	-98.944404	United States	OK	Tillman	Agronomy Research Station, Tipton, Tillman County, Oklahoma		10/9/81	Oct	1981	Y	Y	Y	Y	NA	167	279	49	686	112	24	43	251	84	193	84	146	36	8893	365	-38	403	216	49
USDA1357	USDA1357	1357	illumina_2	S. meliloti	Medicago sativa (Alfalfa)	M. sativa	39.828175	-98.5795	37.104713	-93.818982	United States	MO	Mt Vernon	Southwest Center, Mt. Vernon Lawrence County		9/28/81.	Sept	1981	Y	Y	Y	Y	NA	130	241	9	1096	127	44	27	352	166	304	166	125	32	8929	316	-67	383	179	9
USDA1379	USDA1379	1379	illumina_2	S. meliloti	Medicago sativa (Alfalfa)	M. sativa	39.828175	-98.5795	40.110209	-88.20163	United States	IL	Urbana	Urbana, Illinois Agronomy Farm		10/20/81.	Oct	1981	Y	Y	Y	Y	NA	109	230	-24	964	111	47	24	311	161	302	161	112	29	9846	299	-86	385	210	-24
USDA1389	USDA1389	1389	illumina_2	S. meliloti	Medicago sativa (Alfalfa)	M. sativa	39.828175	-98.5795	38.030951	-84.503159	United States	KY	Lexington	Spindletop Farm, Lexington, KY		10/07/81.	Oct	1981	Y	Y	Y	Y	NA	126	232	12	1163	119	69	16	339	245	316	266	117	33	8542	301	-52	353	213	136
USDA1397	USDA1397	1397	illumina_2	S. meliloti	Medicago sativa (Alfalfa)	M. sativa	39.828175	-98.5795	33.451863	-88.815899	United States	MS	Starkville	Animal Research Center, Mississippi State		5/23/82.	May	1982	Y	Y	Y	Y	NA	166	258	69	1417	155	83	20	429	261	298	409	127	38	7348	326	0	326	123	220
USDA1415	USDA1415	1415	illumina_2	S. meliloti	Medicago sativa (Alfalfa)	M. sativa	39.828175	-98.5795	39.512049	-79.800179	United States	WV	Reedsville	Reedsvile Experimental Farm, Arthurdale		5/11/82.	May	1982	NA	Y	Y	Y	NA	97	201	-15	1218	124	80	14	357	266	352	266	122	34	8347	273	-80	353	182	-15
USDA1416	USDA1416	1416	illumina_2	S. meliloti	Medicago sativa (Alfalfa)	M. sativa	39.828175	-98.5795	39.073651	-78.592151	United States	WV	Wardensville	Wardensville Experimental Farm		5/14/82.	May	1982	NA	Y	Y	Y	NA	107	212	-4	913	93	56	17	273	171	269	171	135	36	8337	291	-77	368	192	-4
USDA1433	USDA1433	1433	illumina_2		Medicago sativa (Alfalfa)	M. sativa	39.828175	-98.5795	36.309082	-78.591061	United States	NC	Oxford	Oxford Research Station		11/02/81.	Nov	1981	NA		Y	Y	NA	143	241	41	1122	113	78	12	318	251	318	266	133	38	7750	315	-30	345	241	96
USDA1456	USDA1456	1456	illumina_2	S. meliloti	Medicago sativa (Alfalfa)	M. sativa	39.828175	-98.5795	29.665073	-82.327988	United States	FL	Gainsville	Gainesville, Florida		10/1/81	Oct	1981	NA	Y	Y	Y	NA	204	268	132	1325	198	57	41	539	189	539	274	128	47	5329	328	58	270	268	173
USDA1462	USDA1462	1462	illumina_2	S. meliloti	Medicago sativa (Alfalfa)	M. sativa	39.828175	-98.5795	42.442476	-76.502152	United States	NY	Ithaca	New Ketola Field, Ithaca		10/15/81.	Oct	1981	Y	Y	Y	Y	NA	89	203	-30	862	92	47	19	257	154	257	158	117	31	9047	283	-88	371	203	-21
USDA1463	USDA1463	1463	illumina_2	S. meliloti	Medicago sativa (Alfalfa)	M. sativa	39.828175	-98.5795	42.442476	-76.502152	United States	NY	Ithaca	New Ketola Field, Ithaca		10/15/81.	Oct	1981	Y	Y	Y	Y	NA	89	203	-30	862	92	47	19	257	154	257	158	117	31	9047	283	-88	371	203	-21
USDA1464	USDA1464	1464	illumina_2	S. meliloti	Medicago sativa (Alfalfa)	M. sativa	39.828175	-98.5795	40.551533	-76.386926	United States	PA	Pine Grove	Rock Springs, Centre County		9/29/81.	Sept	1981	Y	Y	Y	Y	NA	102	213	-17	1090	109	68	14	323	223	308	227	117	31	8905	290	-79	369	192	-4
USDA1467	USDA1467	1467	illumina_2	S. meliloti	Medicago sativa (Alfalfa)	M. sativa	39.828175	-98.5795	44.460643	-73.168269	United States	VT	South Burlington	University Farm, South Burlington		9/29/81.	Sept	1981	Y	Y		Y	NA	69	196	-67	877	102	45	23	279	150	279	155	111	27	10124	272	-135	407	196	-55
USDA1480	USDA1480	1480	illumina_2		Medicago sativa (Alfalfa)	M. sativa	39.828175	-98.5795	39.21974	-75.582967	United States	DE	Cheswold	Delaware State College, Forage Farm (hickory hill farm???LTB)		10/09/81.	Oct	1981	NA			Y	NA	126	232	16	1073	109	74	11	305	239	298	239	111	32	8385	301	-42	343	226	16
USDA1491	USDA1491	1491	illumina_2	S. meliloti	Medicago sativa (Alfalfa)	M. sativa	39.828175	-98.5795	41.806913	-72.250083	United States	CT	Storrs	Storrs, Connecticut		9/28/81.	Sept	1981	Y	Y	Y	Y	NA	85	196	-31	1230	117	87	7	329	286	302	291	116	31	8738	269	-97	366	44	-20
USDA1496	USDA1496	1496	illumina_2	S. meliloti	Medicago sativa (Alfalfa)	M. sativa	39.828175	-98.5795	39.032713	-76.905612	United States	MD	Beltsville	Getty Tract, BARC-E		10/01/81.	Oct	1981	NA	Y	Y	Y	NA	128	235	15	1063	105	70	12	299	229	299	229	118	33	8515	308	-48	356	235	15
USDA1497	USDA1497	1497	illumina_2	S. meliloti	Medicago sativa (Alfalfa)	M. sativa	39.828175	-98.5795	39.032713	-76.905612	United States	MD	Beltsville	BARC-E, East Farm		10/01/81.	Oct	1981	NA	Y	Y	Y	NA	128	235	15	1063	105	70	12	299	229	299	229	118	33	8515	308	-48	356	235	15
USDA1501	USDA1501	1501	illumina_2	S. meliloti	Medicago sativa (Alfalfa)	M. sativa	39.828175	-98.5795	39.417696	-77.410792	United States	MD	Frederick	East Alco Plots, 10 miles south of Frederick, Maryland		10/01/81.	Oct	1981	NA	Y	Y	Y	NA	118	227	2	967	93	64	12	274	202	274	202	123	33	8663	303	-60	363	227	2
USDA1508	USDA1508	1508	illumina_2	S. meliloti	Medicago sativa (Alfalfa)	M. sativa	39.828175	-98.5795	44.907064	-68.686637	United States	ME	Stillwater	Stillwater, Maine		10/29/81.	Oct	1981	Y	Y	Y	Y	NA	62	183	-68	1042	111	78	11	302	237	248	263	116	29	9643	262	-138	400	17	-10
USDA1519	USDA1519	1519	illumina_2	S. meliloti	Medicago sativa (Alfalfa)	M. sativa	18.2482882	-66.4998941	18.304922	-66.328635	Puerto Rico	Puerto Rico	Corozal	Corozal Agricultural Experiment Substation		10/20/81.	Oct	1981	Y	Y		Y	NA	235	249	217	1848	211	84	28	606	285	491	285	100	74	1301	299	164	135	247	217
USDA1520	USDA1520	1520	illumina_2	S. meliloti	Medicago sativa (Alfalfa)	M. sativa	19.617331	-155.530569	20.014521	-155.650525	Hawaii	HI	Kamuela	University of Hawaii, Mealani Experiment Station		10/09/81.	Oct	1981	Y	Y	Y	Y	NA	183	199	169	1194	141	42	34	398	203	203	395	86	70	1166	245	123	122	170	199
USDA1530	USDA1530	1530	illumina_2	S. meliloti	Medicago sativa (Alfalfa)	M. sativa	19.617331	-155.530569	20.014521	-155.650525	Hawaii	HI	Kamuela	University of Hawaii, Mealani Experiment Station		10/09/81.	Oct	1981	Y	Y	Y	Y	NA	183	199	169	1194	141	42	34	398	203	203	395	86	70	1166	245	123	122	170	199
USDA1533	USDA1533	1533	illumina_2	S. meliloti	Medicago sativa (Alfalfa)	M. sativa	39.828175	-98.5795	39.156411	-75.524922	United States	DE	Dover	John Moore Farm; Dover 		10/09/81.	Oct	1981	Y	Y	Y	Y	NA	126	233	18	1077	112	76	12	308	242	299	242	108	31	8345	299	-40	339	226	18
USDA1550	USDA1550	1550	illumina_2	S. meliloti	Medicago sativa (Alfalfa)	M. sativa	39.828175	-98.5795	33.323235	-83.390055	United States	GA	Eatonton	Central Georgia Branch Station, Eatonton, Georgia		11/12/81.	Nov	1981	Y	Y	Y	Y	NA	170	259	77	1205	134	70	18	370	227	307	339	134	41	7061	330	4	326	92	176
USDA1561	USDA1561	1561	illumina_2	S. meliloti	Medicago sativa (Alfalfa)	M. sativa	39.828175	-98.5795	46.731072	-117.000797	United States	ID	Moscow	Moscow, Idaho		5/07/82.	May	1982	NA	Y	Y		NA	81	172	-6	601	76	21	35	225	77	90	205	124	37	6996	280	-54	334	-1	170
USDA1562	USDA1562	1562	illumina_2	S. meliloti	Medicago sativa (Alfalfa)	M. sativa	39.828175	-98.5795	42.533012	-114.365861	United States	ID	Kimberly	Kimberly, Idaho		5/07/82.	May	1982	Y	Y	Y	Y	NA	90	198	-13	246	30	8	32	82	32	41	76	144	37	8171	308	-72	380	-5	192
USDA1565	USDA1565	1565	illumina_2	S. meliloti	Medicago sativa (Alfalfa)	M. sativa	39.828175	-98.5795	48.274295	-116.557713	United States	ID	Sandpoint	Sandpoint, Idaho		5/07/82.	May	1982	Y	Y	Y	Y	NA	71	168	-23	794	112	29	41	323	102	118	295	124	36	7415	271	-67	338	-16	161
USDA1566	USDA1566	1566	illumina_2	S. meliloti	Medicago sativa (Alfalfa)	M. sativa	39.828175	-98.5795	34.424213	-85.836423	United States	AL	Dekalb	Dekalb County, Alabama		7/01/82.	July	1982	Y	Y		Y	NA	145	239	44	1471	166	82	18	439	289	324	412	130	38	7542	308	-26	334	60	200
USDA1571	USDA1571	1571	illumina_2	S. meliloti	Medicago sativa (Alfalfa)	M. sativa	39.828175	-98.5795	32.092123	-85.713585	United States	AL	Bullock	Bullock County, Alabama		7/01/82.	July	1982	NA	Y	Y	Y	NA	176	260	85	1347	158	68	20	410	253	350	376	129	41	6799	326	15	311	100	184
USDA1581	USDA1581	1581	illumina_2	S. meliloti	Medicago sativa (Alfalfa)	M. sativa	39.059012	34.911546	NA	NA	Turkey			USDA 1030 Turkey		1952		1952	Y	Y	Y	Y	NA	93	182	-1	407	53	6	46	148	30	52	128	128	38	7095	275	-58	333	86	178
USDA1583	USDA1583	1583	illumina_2	S. meliloti	Medicago sativa (Alfalfa)	M. sativa	39.828175	-98.5795	37.259835	-78.482967	United States	VA		USDA 1042 Virginia		1911		1911	Y	Y	Y	Y	NA	133	234	27	1098	106	82	9	299	252	295	252	135	38	7981	309	-45	354	227	27
USDA1584	USDA1584	1584	illumina_2		Medicago sativa (Alfalfa)	M. sativa	39.828175	-98.5795	28.124765	-81.617998	United States	FL		USDA 1045 Florida		1940		1940	NA			Y	NA	222	274	162	1224	184	38	51	542	168	542	190	125	51	4397	333	89	244	274	173
USDA1580	USDA1588	1580	illumina_2	S. meliloti	Medicago sativa (Alfalfa)	M. sativa	39.059012	34.911546	NA	NA	Turkey			USDA 1029 Turkey		1952		1952	NA	Y	Y	Y	NA	93	182	-1	407	53	6	46	148	30	52	128	128	38	7095	275	-58	333	86	178
USDA1589	USDA1589	1589	illumina_2	S. meliloti	Medicago sativa (Alfalfa)	M. sativa	39.828175	-98.5795	35.836404	-86.738731	United States	TN		USDA 1069 Tennessee		1948		1948	Y	Y	Y	Y	NA	142	243	35	1312	140	77	15	378	263	301	350	132	37	8079	316	-36	352	141	201
USDA1590	USDA1590	1590	illumina_2	S. meliloti	Medicago sativa (Alfalfa)	M. sativa	39.828175	-98.5795	28.124765	-81.617998	United States	FL		USDA 1091 Florida		1950		1950	NA	Y	Y	Y	NA	222	274	162	1224	184	38	51	542	168	542	190	125	51	4397	333	89	244	274	173
USDA1591	USDA1591	1591	illumina_2	S. meliloti	Medicago sativa (Alfalfa)	M. sativa	39.828175	-98.5795	61.152447	-149.772759	United States	AK		USDA 1093 Alaska		1949		1949	Y	Y	Y	Y	NA	18	131	-92	467	73	17	45	193	59	150	98	79	24	8775	181	-144	325	76	17
USDA1593	USDA1593	1593	illumina_2	S. meliloti	Medicago sativa (Alfalfa)	M. sativa	39.828175	-98.5795	47.222646	-100.314688	United States	ND		USDA 1097 North Dakota		1948		1948	Y	Y		Y	NA	44	193	-120	433	85	11	63	205	36	196	36	131	27	12090	283	-196	479	169	-120
USDA1594	USDA1594	1594	illumina_2	S. meliloti	Medicago sativa (Alfalfa)	M. sativa	32	-5	NA	NA	Morocco			USDA 1098 Morocco		1974		1974	Y	Y	Y	Y	NA	165	263	80	210	30	4	46	84	16	16	58	154	41	6993	374	3	371	123	263
USDA1603	USDA1603	1603	illumina_2	S. meliloti	Medicago sativa (Alfalfa)	M. sativa	39.828175	-98.5795	39.296699	-75.605197	United States	DE	Smyrna	Delaware State College Farm (their research farm?)		10/9/81	Oct	1981	NA	Y	Y	Y	NA	126	232	15	1069	105	73	10	301	238	296	238	112	32	8407	302	-43	345	226	15
USDA1606	USDA1606	1606	illumina_2		Medicago rotata	M. rotata	25	17	36.358243	42.418234	Libya		Tel afer	Tal afar, Libya (is this actually Iraq?)	Y			NA	NA		Y	Y	NA	198	316	84	371	70	0	90	195	0	0	186	131	34	9105	411	29	382	95	316
USDA1607	USDA1607	1607	illumina_2		Medicago polymorpha	M. polymorpha	25	17	36.340987	43.169487	Libya		Mosul	Mosul, Libya (is this actually Iraq?)	Y			NA	NA		Y	Y	NA	198	313	85	444	91	0	85	229	0	0	204	160	39	8900	429	20	409	97	313
USDA1608	USDA1608	1608	illumina_2		Medicago rotata	M. rotata	25	17	36.845256	42.950962	Libya		Dukok	Dukok, Libya (is this actually Iraq?)	Y			NA	NA		Y	Y	NA	186	305	70	814	157	0	90	438	0	0	415	135	34	9173	406	14	392	82	305
USDA1611	USDA1611	1611	illumina_2		Medicago truncatula	M. truncatula	33	44	35.415031	42.432458	Iraq		Hatra	Hatra, Iraq				NA	NA		Y	Y	NA	207	322	90	229	41	0	84	115	0	0	114	142	36	9036	418	33	385	105	322
USDA1612	USDA1612	1612	illumina_2	S. meliloti	Medicago rigidula	M. rigidula	33	44	36.084466	42.406354	Iraq		Ninevah	Ninevah, Iraq				NA	Y	Y	Y	Y	NA	204	321	89	315	60	0	87	164	0	0	156	135	35	9024	416	33	383	102	321
USDA1613	USDA1613	1613	illumina_2	S. meliloti	Medicago noeana	M. noeana	33	44	36.320137	41.860421	Iraq		Jabal Sinjar	Jabal Sinjar, Iraq				NA	Y	Y	Y	Y	NA	194	314	77	404	75	0	87	206	0	0	206	112	30	9291	394	28	366	77	314
USDA1614	USDA1614	1614	illumina_2	S. meliloti	Medicago radiata	M. radiata	33	44	36.320137	41.860421	Iraq		Jabal Sinjar	Jabal Sinjar, Iraq				NA	Y	Y	Y	Y	NA	194	314	77	404	75	0	87	206	0	0	206	112	30	9291	394	28	366	77	314
USDA1616	USDA1616	1616	illumina_2	S. meliloti	Medicago littoralis	M. littoralis	33	44	35.415031	42.432458	Iraq		Hatra	Hatra, \North Africa\"" (actually Iraq?)				NA	Y	Y	Y	Y	NA	207	322	90	229	41	0	84	115	0	0	114	142	36	9036	418	33	385	105	322
USDA1617	USDA1617	1617	illumina_2	S. meliloti	Medicago minima	M. minima	35	38	35.988039	36.936936	Syria		Tal Hadya	Tel Hadya, Syria				NA	Y	Y	Y	Y	NA	177	276	76	334	66	0	84	180	1	1	180	136	39	7942	366	25	341	76	276
USDA1618	USDA1618	1618	illumina_2		Medicago polymorpha	M. polymorpha	35	38	35.988039	36.936936	Syria		Tal Hadya	Tel Hadya, Syria				NA	NA		Y	Y	NA	177	276	76	334	66	0	84	180	1	1	180	136	39	7942	366	25	341	76	276
USDA1623	USDA1623	1623	illumina_2	S. meliloti	Medicago rigidula	M. rigidula	33	44	36.320137	41.860421	Iraq		Jabal Sinjar	Jabal Sinjar, Iraq				NA	Y	Y	Y	Y	NA	194	314	77	404	75	0	87	206	0	0	206	112	30	9291	394	28	366	77	314
USDA1624	USDA1624	1624	illumina_2		Medicago poly	M. polymorpha	42.833333	12.833333	39.145108	9.516851	Italy	Sardinia	Vilasimu	Vilasimu, Sardinia				NA	NA		Y	Y	NA	174	243	117	287	43	2	55	115	14	45	88	68	32	5033	293	85	208	190	239
USDA1626	USDA1626	1626	illumina_2	S. meliloti	Medicago murex	M. murex	42.833333	12.833333	39.859176	9.581501	Italy	Sardinia	Loceri	NE Loceri, Sardinia				NA	Y	Y	Y	Y	NA	159	232	99	473	76	6	52	201	34	59	166	73	33	5345	287	66	221	137	230
USDA1629	USDA1629	1629	illumina_2		Medicago arabica	M. arabica	42.833333	12.833333	40.807072	9.326184	Italy	Sardinia	Monti	Monti, Sardinia				NA	NA		Y	Y	NA	147	219	84	640	95	8	51	261	48	63	234	71	31	5370	274	51	223	124	217
USDA1630	USDA1630	1630	illumina_2		Medicago poly	M. polymorpha	39	22	NA	NA	Greece		Olbia	Olbia, Greece (there is no Olbia greece. Sardinia or Ukraine?	Y			NA	NA		Y	Y	NA	135	224	50	804	123	17	47	319	79	82	316	112	36	6815	309	0	309	65	221
USDA1631	USDA1631	1631	illumina_2		Medicago sativa (Alfalfa)	M. sativa	42.833333	12.833333	41.181339	9.380992	Italy	Sardinia	Palau	Palau, Sardinia				NA	NA		Y	Y	NA	NA	NA	NA	NA	NA	NA	NA	NA	NA	NA	NA	NA	NA	NA	NA	NA	NA	NA	NA
USDA1632	USDA1632	1632	illumina_2		Medicago sativa (Alfalfa)	M. sativa	42.833333	12.833333	39.091542	8.712293	Italy	Sardinia	Santadi	Santadi, Sardinia				NA	NA		Y	Y	NA	162	231	101	557	81	4	58	229	23	50	220	88	37	5176	293	60	233	113	228
USDA1633	USDA1633	1633	illumina_2		Medicago sativa (Alfalfa)	M. sativa	-25	135	-30.752306	121.451396	Australia		Kalgoorlie	Kalgoorlie, Naturalized Australian Strain Site				NA	NA		Y	Y	NA	183	249	114	260	34	14	28	92	46	58	81	131	46	5261	333	53	280	122	213
USDA1638	USDA1638	1638	illumina_2		Medicago poly	M. polymorpha	42.833333	12.833333	39.142528	9.517023	Italy	Sardinia	Vilasimius	Vilasimius, Sardinia				NA	NA		Y	Y	NA	174	243	117	287	43	2	55	115	14	45	88	68	32	5033	293	85	208	190	239
USDA1641	USDA1641	1641	illumina_2		Medicago murex	M. murex	42.833333	12.833333	40.936111	9.171114	Italy	Sardinia	Luras	Luras, Sardinia				NA	NA		Y	Y	NA	137	210	72	708	104	10	50	286	56	69	259	66	30	5436	262	43	219	113	207
USDA1642	USDA1642	1642	illumina_2		Medicago poly	M. polymorpha	42.833333	12.833333	41.076069	9.113141	Italy	Sardinia	Aglientu	Aglientu, Sardinia				NA	NA		Y	Y	NA	140	212	77	673	97	10	50	273	54	69	242	63	29	5307	260	49	211	118	209
USDA1652	USDA1652	1652	illumina_2		Medicago littoralis	M. littoralis	39	22	37.831406	24.931836	Greece		Andros	Andros, Greece				NA	NA		Y	Y	NA	180	249	114	425	83	2	80	222	9	9	189	61	29	5341	291	84	207	116	249
USDA1655	USDA1655	1655	illumina_2	S. meliloti	Medicago rigidula	M. rigidula	39	22	37.751184	26.984319	Greece		Sarnos	Sarnos, Greece				NA	Y	Y	Y	Y	NA	173	249	103	772	174	1	92	452	5	5	368	85	34	5792	309	64	245	105	249
USDA1656	USDA1656	1656	illumina_2	S. meliloti	Medicago constricta	M. constricta	39	22	40.719052	23.69555	Greece		Asprovolta	Asprovolta, Greece				NA	Y	Y	Y	Y	NA	NA	NA	NA	NA	NA	NA	NA	NA	NA	NA	NA	NA	NA	NA	NA	NA	NA	NA	NA
USDA1659	USDA1659	1659	illumina_2	S. meliloti	Medicago littoralis	M. littoralis	39	22	40.590763	23.778008	Greece		Olymbiada	Olymbiada, Greece				NA	Y	Y	Y	Y	NA	NA	NA	NA	NA	NA	NA	NA	NA	NA	NA	NA	NA	NA	NA	NA	NA	NA	NA	NA
USDA1660	USDA1660	1660	illumina_2	S. meliloti	Medicago praecox	M. praecox	39	22	37.831406	24.931836	Greece		Andros	Andros, Greece				NA	Y	Y	Y	Y	NA	180	249	114	425	83	2	80	222	9	9	189	61	29	5341	291	84	207	116	249
USDA1661	USDA1661	1661	illumina_2	S. meliloti	Medicago constricta	M. constricta	39	22	38.78684	20.614059	Greece		Nikitas	Nikitas, Greece				NA	Y	Y		Y	NA	172	249	99	998	172	10	68	475	39	39	431	96	35	5972	322	55	267	114	249
USDA1664	USDA1664	1664	illumina_2		Medicago truncatula	M. truncatula	39	22	37.547481	25.166533	Greece		Tinos	Tinos, Greece				NA	NA		Y	Y	NA	179	244	115	424	83	1	82	226	7	7	194	60	30	5116	283	86	197	117	244
USDA1666	USDA1666	1666	illumina_2	S. meliloti	Medicago marina	M. marina	39	22	40.719052	23.69555	Greece		Asprovolta	Asprovolta, Greece				NA	Y	Y	Y	Y	NA	NA	NA	NA	NA	NA	NA	NA	NA	NA	NA	NA	NA	NA	NA	NA	NA	NA	NA	NA
USDA1676	USDA1667	1676	illumina_2	S. meliloti	Medicago sativa (Alfalfa)	M. polymorpha	46	2	50.622848	3.171379	France		Villeneuve d'As	Villeneuve d'As, France		1972		1972	Y	Y	Y	Y	NA	101	167	32	683	69	43	13	193	138	185	158	75	33	5314	223	2	221	109	62
USDA1670	USDA1670	1670	illumina_2		Medicago truncatula	M. truncatula	39	22	37.449274	25.393374	Greece		Anomera	Anomera, Greece				NA	NA		Y	Y	NA	179	243	116	434	85	0	83	235	6	6	203	60	30	5031	281	86	195	118	243
USDA1678	USDA1678	1678	illumina_2	S. meliloti	Medicago sativa (Alfalfa)	M. sativa	-19	29	NA	NA	Zimbabwe			Rhodesia (now Zimbabwe)		06/21/82.	June	1982	Y	Y	Y	Y	NA	200	232	152	661	156	0	106	441	2	271	9	148	56	3253	317	56	261	224	153
USDA1687	USDA1687	1687	illumina_2	S. meliloti	Medicago sativa (Alfalfa)	M. sativa	60	-96	NA	NA	Canada			Canada		06/21/82.	June	1982	Y	Y	Y	Y	NA	-90	93	-279	386	57	12	48	164	42	153	44	92	17	14745	171	-347	518	89	-271
USDA1688	USDA1688	1688	illumina_2	S. meliloti	Medicago sativa (Alfalfa)	M. sativa	60	-96	NA	NA	Canada			Canada		06/21/88.	June	1988	NA	Y	Y	Y	NA	-90	93	-279	386	57	12	48	164	42	153	44	92	17	14745	171	-347	518	89	-271
USDA1691	USDA1691	1691	illumina_2	S. meliloti	Medicago sativa (Alfalfa)	M. sativa	60	-96	NA	NA	Canada			Canada		06/21/82.	June	1982	Y	Y	Y	Y	NA	-90	93	-279	386	57	12	48	164	42	153	44	92	17	14745	171	-347	518	89	-271
USDA1692	USDA1692	1692	illumina_2	S. meliloti	Medicago sativa (Alfalfa)	M. sativa	46	2	NA	NA	France			France		04/07/82.	Apr	1982	Y	Y	Y	Y	NA	95	165	26	916	96	64	11	247	205	228	229	99	39	5442	234	-14	248	119	57
USDA1694	USDA1694	1694	illumina_2		Medicago sativa (Alfalfa)	M. sativa	46	2	NA	NA	France			France		Jul-86	July	1986	NA		Y	Y	NA	95	165	26	916	96	64	11	247	205	228	229	99	39	5442	234	-14	248	119	57
USDA1695	USDA1695	1695	illumina_2	S. meliloti	Medicago sativa (Alfalfa)	M. sativa	46	2	NA	NA	France			France		11/6/87	Nov	1987	NA	Y	Y	Y	NA	95	165	26	916	96	64	11	247	205	228	229	99	39	5442	234	-14	248	119	57
USDA1696	USDA1696	1696	illumina_2	S. meliloti	Medicago sativa (Alfalfa)	M. sativa	47	8	47.75795	8.720633	Switzerland	Schaffhausen	Barzheim	Barzheim, Schaffhausen		8/08/88.	Aug	1988	Y	Y	Y	Y	NA	86	166	2	994	112	62	22	331	192	331	204	85	32	6415	230	-34	264	166	15
USDA1699	USDA1699	1699	illumina_2	S. meliloti	Medicago sativa (Alfalfa)	M. sativa	47	8	47.388061	8.5378	Switzerland		Zurich	Zurich		8/08/88.	Aug	1988	Y	Y	Y	Y	NA	92	173	9	1086	132	65	26	379	202	379	206	78	30	6379	234	-23	257	173	22
USDA1700	USDA1700	1700	illumina_2	S. meliloti	Medicago sativa (Alfalfa)	M. sativa	47	8	46.198821	9.024911	Switzerland	 Ticino	Bellinoza	Bellinoza, Ticino		8/08/88.	Aug	1988	Y	Y	Y	Y	NA	117	199	33	1289	153	65	26	404	201	403	201	83	31	6454	259	-7	266	150	33
USDA1702	USDA1702	1702	illumina_2	S. meliloti	Medicago sativa (Alfalfa)	M. sativa	62	15	55.874604	12.850351	Sweden		Weibullsholm	Weibullsholm trial field, South Sweden		11/25/87.	Nov	1987	Y	Y	Y	Y	NA	81	162	5	642	69	33	22	201	112	189	145	62	26	6249	205	-30	235	156	27
USDA1703	USDA1703	1703	illumina_2	S. meliloti	Medicago sativa (Alfalfa)	M. sativa	62	15	55.862578	12.909332	Sweden		Haljarp	Haljarp, South Sweden		11/25/87.	Nov	1987	Y	Y	Y	Y	NA	80	161	5	648	69	34	22	203	113	190	148	62	26	6213	204	-30	234	155	26
USDA1706	USDA1706	1706	illumina_2	S. meliloti	Medicago sativa (Alfalfa)	M. sativa	62	15	55.646055	8.816922	Sweden		Tofterup	Tofterup, South Sweden	Y	11/25/87.	Nov	1987	Y	Y	Y	Y	NA	78	151	8	855	99	47	26	286	148	217	199	63	28	5717	196	-27	223	89	27
USDA1708	USDA1708	1708	illumina_2	S. meliloti	Medicago sativa (Alfalfa)	M. sativa	52	20	52.215607	20.648314	Poland		Radzikow	Radzikow Field No. 12.		05/09/88.	May	1988	Y	Y	Y	Y	NA	79	177	-28	508	72	23	37	198	73	198	80	83	27	7938	238	-66	304	177	-17
USDA1710	USDA1710	1710	illumina_2	S. meliloti	Medicago sativa (Alfalfa)	M. sativa	30	70	NA	NA	Pakistan		Busin	Busin, Pakistan	Y	1985		1985	Y	Y	Y	Y	NA	169	255	66	371	103	4	90	213	23	213	43	140	40	7400	331	-18	349	255	124
USDA1719	USDA1719	1719	illumina_2	S. meliloti	Medicago sativa (Alfalfa)	M. sativa	30	70	35.589518	75.200689	Pakistan		Rhondu	Rhondu, Pakistan (Rondu?)		1986		1986	Y	Y	Y	Y	NA	110	221	-10	259	45	6	63	133	31	38	57	118	31	8890	299	-71	370	107	120
USDA1724	USDA1724	1724	illumina_2	S. meliloti	Medicago sativa (Alfalfa)	M. sativa	30	70	35.427748	75.732707	Pakistan		Senkhore	Senkhore, Pakistan (Liana: north of Shigar)		1986		1986	Y	Y	Y	Y	NA	103	222	-30	161	29	3	58	76	18	21	46	122	30	9742	304	-96	400	102	115
USDA1730	USDA1730	1730	illumina_2	S. meliloti	Medicago sativa (Alfalfa)	M. sativa	52	20	50.079658	19.942725	Poland		Krakow	Cracow, Poland		5/9/88	May	1988	NA	Y	Y	Y	NA	82	173	-22	675	96	29	42	275	96	275	100	91	29	7547	235	-69	304	173	-7
USDA1734	USDA1734	1734	illumina_2	S. meliloti	Medicago sativa (Alfalfa)	M. sativa	30	70	35.435931	75.452331	Pakistan		Kachura	Kachura, Pakistan		1986		1986	Y	Y	Y	Y	NA	97	214	-31	215	36	4	59	102	24	32	57	118	30	9420	293	-94	387	94	109
USDA1742	USDA1742	1742	illumina_2	S. meliloti	Medicago sativa (Alfalfa)	M. sativa	30	70	30.137751	71.350955	Pakistan		Jalabad	Jalabad, Pakistan		1985		1985	Y	Y	Y	Y	NA	256	343	145	162	48	2	90	91	10	70	24	148	39	7898	424	53	371	343	204
USDA1751	USDA1751	1751	illumina_2	S. meliloti	Medicago sativa (Alfalfa)	M. sativa	30	70	NA	NA	Pakistan			Valley, Pakistan		1985		1985	Y	Y	Y	Y	NA	169	255	66	371	103	4	90	213	23	213	43	140	40	7400	331	-18	349	255	124
USDA1760	USDA1760	1760	illumina_2	S. meliloti	Medicago sativa (Alfalfa)	M. sativa	30	70	36.283683	74.60839	Pakistan		Murtazabad	Murtazabad, Pakistan		1985		1985	Y	Y	Y	Y	NA	118	232	-4	124	29	2	68	66	12	25	18	113	30	9048	310	-64	374	115	64
USDA1767	USDA1767	1767	illumina_2	S. meliloti	Medicago sativa (Alfalfa)	M. sativa	62	10	59.797858	11.460313	Norway		Loken	Loken, Norway		10/88.		1988	Y	Y	Y	Y	NA	53	151	-41	793	89	41	26	261	132	240	156	67	24	7452	203	-76	279	106	-6
USDA1770	USDA1770	1770	illumina_2	S. meliloti	Medicago falcata (yellow alfalfa)	M. falcata	28	84	28.778924	83.726504	Nepal		Jomson	Jomson, Nepal		1986		1987	Y	Y	Y	Y	NA	107	158	43	315	55	5	58	144	35	127	61	112	47	4558	219	-19	238	151	75
USDA1777	USDA1777	1777	illumina_2	S. meliloti	Medicago falcata (yellow alfalfa)	M. falcata	28	84	28.778924	83.726504	Nepal		Jomson	Jomson, Nepal		1986		1986	Y	Y	Y	Y	NA	107	158	43	315	55	5	58	144	35	127	61	112	47	4558	219	-19	238	151	75
USDA1787	USDA1787	1787	illumina_2	S. meliloti	Medicago sativa (Alfalfa)	M. sativa	36	138	36.890604	139.978167	Japan	Tochigi	Nishinasuno	Nishinasuno, Tochigi, Japan		11/26/87.	Nov	1987	Y	Y	Y	Y	NA	122	228	17	1437	198	49	48	587	160	587	160	99	29	8271	290	-45	335	228	17
USDA1788	USDA1788	1788	illumina_2	S. meliloti	Medicago sativa (Alfalfa)	M. sativa	36	138	36.890604	139.978167	Japan	Tochigi	Nishinasuno	Nishinasuno, Tochigi, Japan		11/26/87.	Nov	1987	Y	Y	Y	Y	NA	122	228	17	1437	198	49	48	587	160	587	160	99	29	8271	290	-45	335	228	17
USDA1790	USDA1790	1790	illumina_2	S. meliloti	Medicago sativa (Alfalfa)	M. sativa	42.833333	12.833333	43.083612	12.585345	Italy	Perugia	S. Martino	S. Martino (Perugia), Italy		12/15/87.	Dec	1987	NA	Y	Y	Y	NA	133	217	53	886	108	46	22	290	172	172	222	82	30	6427	280	15	265	99	217
USDA1791	USDA1791	1791	illumina_2	S. meliloti	Medicago sativa (Alfalfa)	M. sativa	42.833333	12.833333	43.962235	11.324704	Italy		S. Piero a Sieve	S. Piero a Sieve, Italy		12/15/87.	Dec	1987	Y	Y	Y	Y	NA	133	220	46	861	109	40	23	281	154	154	224	89	31	6751	291	7	284	94	220
USDA1792	USDA1792	1792	illumina_2	S. meliloti	Medicago sativa (Alfalfa)	M. sativa	42.833333	12.833333	42.930182	11.26818	Italy	Grosseto	Paganico	Paganico, (Grosseto), Italy		12/15/87.	Dec	1987	Y	Y	Y	Y	NA	148	223	77	679	95	20	35	248	90	90	192	96	36	5779	294	33	261	118	223
USDA1793	USDA1793	1793	illumina_2	S. meliloti	Medicago sativa (Alfalfa)	M. sativa	47	20	47.732092	20.225353	Hungary		Kompolt	Kompolt, Hungary		09/05/88.	Sept	1988	Y	Y	Y	Y	NA	103	199	-5	527	72	27	31	188	84	178	94	101	31	7927	271	-53	324	185	14
USDA1794	USDA1794	1794	illumina_2	S. meliloti	Medicago sativa (Alfalfa)	M. sativa	47	20	47.809417	20.340374	Hungary		Albert major	Albertmajor, Hungary		09/05/88.	Sept	1988	Y	Y	Y	Y	NA	102	198	-6	529	73	27	32	190	83	181	92	102	31	7952	270	-55	325	184	13
USDA1795	USDA1795	1795	illumina_2	S. meliloti	Medicago sativa (Alfalfa)	M. sativa	39	22	39.640522	22.395307	Greece		Larissa	Larissa, Tmima Sitiron, Greece		6/16/88	Sept	1988	Y	Y	Y	Y	NA	157	251	67	471	59	15	35	174	62	62	141	123	36	7213	341	8	333	122	251
USDA1796	USDA1796	1796	illumina_2	S. meliloti	Medicago sativa (Alfalfa)	M. sativa	39	22	39.640522	22.395307	Greece		Larissa	Larissa, Kentrico, Greece		06/16/88.	Sept	1988	Y	Y	Y		NA	157	251	67	471	59	15	35	174	62	62	141	123	36	7213	341	8	333	122	251
USDA1803	USDA1803	1803	illumina_2	S. meliloti	Medicago sativa (Alfalfa)	M. sativa	27	30	30.659372	30.070257	Egypt		Nobaria	Nobaria, Egypt (Liana: An Nubariyah?)		11/12/87.	Nov	1987	Y	Y	Y	Y	NA	203	262	136	78	21	0	108	54	0	0	50	118	46	4980	326	74	252	152	262
USDA1804	USDA1804	1804	illumina_2	S. meliloti	Medicago sativa (Alfalfa)	M. sativa	27	30	30.620233	32.256064	Egypt		Ismaelia	Ismaelia, Egypt		12/14/87.	Dec	1987	Y	Y	Y	Y	NA	217	282	144	36	7	0	67	18	0	0	17	125	45	5416	357	82	275	151	282
USDA1808	USDA1808	1808	illumina_2	S. meliloti	Medicago sativa (Alfalfa)	M. sativa	60	-96	52.154773	-106.613024	Canada		Saskatoon	Blk. 12-6, Saskatoon Research Station, Canada		11/12/87.	Nov	1987	Y	Y	Y	Y	NA	20	171	-152	356	61	14	54	160	49	160	50	120	24	12661	256	-229	485	171	-131
USDA1810	USDA1810	1810	illumina_2	S. meliloti	Medicago sativa (Alfalfa)	M. sativa	60	-96	52.154773	-106.613024	Canada		Saskatoon	Blk. 11-3, Saskatoon Research Station, Canada		11/12/87.	Nov	1987	NA	Y	Y	Y	NA	20	171	-152	356	61	14	54	160	49	160	50	120	24	12661	256	-229	485	171	-131
USDA1819	USDA1819	1819	illumina_2	S. meliloti	Medicago sativa (Alfalfa)	M. sativa	30	70	35.427748	75.732707	Pakistan		Senkhore	Senkhore, Pakistan		1986		1987	Y	Y	Y	Y	NA	103	222	-30	161	29	3	58	76	18	21	46	122	30	9742	304	-96	400	102	115
USDA1830	USDA1836	1830	illumina_2		Medicago ruthenica	M. ruthenica	46	105	NA	NA	Mongolia			Mongolia, China (Does this mean Mongolia or China or did the person think Mongolia was part of China?)				NA	NA		Y	Y	NA	15	179	-163	157	46	1	106	110	5	110	5	143	28	13266	257	-249	506	179	-130
USDA1855	USDA1855	1855	illumina_2		Medicago ruthenica	M. ruthenica	46	105	NA	NA	Mongolia			Mongolia, China (Does this mean Mongolia or China or did the person think Mongolia was part of China?)				NA	NA		Y	Y	NA	15	179	-163	157	46	1	106	110	5	110	5	143	28	13266	257	-249	506	179	-130
USDA1883	USDA1883	1883	illumina_2	S. meliloti	Medicago ruthenica	M. ruthenica	46	105	NA	NA	Mongolia			Mongolia, China (Does this mean Mongolia or China or did the person think Mongolia was part of China?)				NA	Y	Y	Y		NA	15	179	-163	157	46	1	106	110	5	110	5	143	28	13266	257	-249	506	179	-130
USDA1903	USDA1903	1903	illumina_2		Medicago ruthenica	M. ruthenica	46	105	NA	NA	Mongolia			Mongolia, China (Does this mean Mongolia or China or did the person think Mongolia was part of China?)				NA	NA		Y	Y	NA	15	179	-163	157	46	1	106	110	5	110	5	143	28	13266	257	-249	506	179	-130
USDA1919	USDA1919	1919	illumina_2	S. meliloti	Medicago ruthenica	M. ruthenica	46	105	NA	NA	Mongolia			Mongolia, China (Does this mean Mongolia or China or did the person think Mongolia was part of China?)				NA	Y	Y	Y	Y	NA	15	179	-163	157	46	1	106	110	5	110	5	143	28	13266	257	-249	506	179	-130
USDA1927	USDA1927	1927	illumina_2		Medicago ruthenica	M. ruthenica	46	105	NA	NA	Mongolia			Mongolia, China (Does this mean Mongolia or China or did the person think Mongolia was part of China?)				NA	NA		Y		NA	15	179	-163	157	46	1	106	110	5	110	5	143	28	13266	257	-249	506	179	-130
HM006-1	HM006-1	HM006-1	Pacbio|illumina_1	S. meliloti	M. truncatula	M. truncatula	46	2	NA	NA	France			France		2009		2009	NA		Y	Y	NA	95	165	26	916	96	64	11	247	205	228	229	99	39	5442	234	-14	248	119	57
KH36C	KH36C	KH36C	Pacbio|illumina_1	S. medicae	M. truncatula	M. truncatula	46	2	NA	NA	France		naut	France, naut	Y	2004		2004	NA		Y	Y	NA	95	165	26	916	96	64	11	247	205	228	229	99	39	5442	234	-14	248	119	57
KH46C	KH46C	KH46C	Pacbio|illumina_1	S. meliloti	M. truncatula	M. truncatula	46	2	NA	NA	France		chat	France, chat	Y	2004		2004	NA		Y		NA	95	165	26	916	96	64	11	247	205	228	229	99	39	5442	234	-14	248	119	57
M162	M162	M162	Pacbio|illumina_1	S. meliloti	M. noeana 	M. noeana 	35	38	NA	NA	Syria			Syria		1985-87		1986	NA		Y	Y	NA	156	256	52	199	33	0	77	94	1	1	94	138	38	8000	350	-7	357	52	256
M2	M2	M2	Pacbio|illumina_1	S. medicae	M. blancheana	M. blancheana	35	38	NA	NA	Syria			Syria		1985-87		1986	NA		Y	Y	NA	156	256	52	199	33	0	77	94	1	1	94	138	38	8000	350	-7	357	52	256
M270	M270	M270	Pacbio|illumina_1	S. meliloti	M. truncatula	M. truncatula	31	36	NA	NA	Jordan			Jordan		1985-87		1986	NA		Y	Y	NA	165	235	82	201	46	0	106	126	0	0	126	124	43	6082	309	24	285	82	235
RM41	RM41	RM41	Pacbio|illumina_1	S. meliloti	M. sativa	M. sativa	47	20	NA	NA	Hungary			Hungary		< 1983		NA	NA		Y	Y	NA	107	202	2	523	69	28	27	179	90	169	105	97	30	7814	272	-44	316	188	20
T027	T027	T027	Pacbio|illumina_1	S. meliloti	M. truncatula 	M. truncatula	34	9	33.401408	10.530835	Tunisia		amra	Tunisia, amra		2005		2005	NA		Y	Y	NA	204	284	123	165	32	0	67	72	3	15	52	116	39	6280	363	67	296	174	281
T073	T073	T073	Pacbio|illumina_1	S. meliloti	M. truncatula 	M. truncatula	34	9	33.401408	10.530835	Tunisia		amra	Tunisia, amra		2005		2005	NA		Y		NA	204	284	123	165	32	0	67	72	3	15	52	116	39	6280	363	67	296	174	281
USDA1021	3036	1021	Pacbio|illumina_1		M. sativa	M. sativa	39.828175	-98.5795	NA	NA	United States			US				NA	NA		Y	Y	NA	110	240	-25	666	102	13	54	276	48	255	48	142	32	10232	329	-107	436	215	-25
USDA1106	USDA1106	1106	Pacbio|illumina_1|illumina_2	S. meliloti	M. sativa	M. sativa	39.828175	-98.5795	36.253623	-119.687543	United States	CA		California		1939		1939	NA	Y	Y	Y	NA	170	257	80	199	39	0	83	109	2	2	102	156	44	6921	366	17	349	101	257
USDA1157	USDA1157	1157	Pacbio|illumina_1|illumina_2	S. meliloti	M. sativa (Alfalfa)	M. sativa	39.828175	-98.5795	46.206472	-119.763951	United States	WA	Prosser	Prosser, Wash. - Elliot		1968		1968	NA	Y	Y	Y	NA	113	210	16	195	30	5	42	81	24	26	72	135	39	7552	312	-32	344	20	204
WSM419	WSM419	WSM419	Pacbio|illumina_1		M. murex	M. murex	42.833333	12.833333	40.901283	9.104715	Italy	Sardinia	 Tempio	Sardinia, Tempio		1981		1981	NA		Y	Y	NA	135	208	69	749	111	11	51	302	61	72	276	67	30	5475	262	39	223	110	206
HM007-10	HM007-10	HM007-10	illumina_1	S. meliloti	truncatula	M. truncatula	46	2	NA	NA	France							NA	NA		Y	Y	NA	95	165	26	916	96	64	11	247	205	228	229	99	39	5442	234	-14	248	119	57
HM007-12	HM007-12	HM007-12	illumina_1	S. meliloti	truncatula	M. truncatula	46	2	NA	NA	France							NA	NA		Y	Y	NA	95	165	26	916	96	64	11	247	205	228	229	99	39	5442	234	-14	248	119	57
HM007-17	HM007-17	HM007-17	illumina_1	S. meliloti	truncatula	M. truncatula	46	2	NA	NA	France							NA	NA		Y	Y	NA	95	165	26	916	96	64	11	247	205	228	229	99	39	5442	234	-14	248	119	57
HM013-1	HM013-1	HM013-1	illumina_1	S. meliloti	truncatula	M. truncatula	46	2	NA	NA	France							NA	NA		Y	Y	NA	95	165	26	916	96	64	11	247	205	228	229	99	39	5442	234	-14	248	119	57
HM015-1	HM015-1	HM015-1	illumina_1	S. meliloti	truncatula	M. truncatula	46	2	NA	NA	France							NA	NA		Y	Y	NA	95	165	26	916	96	64	11	247	205	228	229	99	39	5442	234	-14	248	119	57
KH12G	KH12g	KH12G	illumina_1	S. meliloti	truncatula	M. truncatula	46	2	NA	NA	France							NA	NA		Y		NA	95	165	26	916	96	64	11	247	205	228	229	99	39	5442	234	-14	248	119	57
KH16B	KH16b	KH16B	illumina_1	S. meliloti	truncatula	M. truncatula	46	2	NA	NA	France							NA	NA		Y	Y	NA	95	165	26	916	96	64	11	247	205	228	229	99	39	5442	234	-14	248	119	57
KH30A	KH30a	KH30A	illumina_1	S. meliloti	truncatula	M. truncatula	46	2	NA	NA	France							NA	NA		Y	Y	NA	95	165	26	916	96	64	11	247	205	228	229	99	39	5442	234	-14	248	119	57
KH35B	KH35b	KH35B	illumina_1	S. meliloti	truncatula	M. truncatula	46	2	NA	NA	France							NA	NA		Y	Y	NA	95	165	26	916	96	64	11	247	205	228	229	99	39	5442	234	-14	248	119	57
KH35C	KH35c	KH35C	illumina_1	S. meliloti	truncatula	M. truncatula	46	2	NA	NA	France							NA	NA		Y	Y	NA	95	165	26	916	96	64	11	247	205	228	229	99	39	5442	234	-14	248	119	57
KH46B	KH46b	KH46B	illumina_1	S. meliloti	truncatula	M. truncatula	46	2	NA	NA	France							NA	NA		Y		NA	95	165	26	916	96	64	11	247	205	228	229	99	39	5442	234	-14	248	119	57
KH48E	KH48e	KH48E	illumina_1	S. meliloti	truncatula	M. truncatula	46	2	NA	NA	France							NA	NA		Y	Y	NA	95	165	26	916	96	64	11	247	205	228	229	99	39	5442	234	-14	248	119	57
M10	M10	M10	illumina_1	S. meliloti	blancheana 	M. blancheana	35	38	NA	NA	Syria							NA	NA		Y	Y	NA	156	256	52	199	33	0	77	94	1	1	94	138	38	8000	350	-7	357	52	256
M156	M156	M156	illumina_1	S. meliloti	rigidula 	M. rigidula	35	38	NA	NA	Syria							NA	NA		Y	Y	NA	156	256	52	199	33	0	77	94	1	1	94	138	38	8000	350	-7	357	52	256
M195	M195	M195	illumina_1	S. meliloti	rigidula 	M. rigidula	39.059012	34.911546	NA	NA	Turkey							NA	NA		Y	Y	NA	93	182	-1	407	53	6	46	148	30	52	128	128	38	7095	275	-58	333	86	178
M210	M210	M210	illumina_1	S. meliloti	noeana 	M. noeana 	39.059012	34.911546	NA	NA	Turkey							NA	NA		Y	Y	NA	93	182	-1	407	53	6	46	148	30	52	128	128	38	7095	275	-58	333	86	178
M243	M243	M243	illumina_1	S. meliloti	rotata 	M. rotata	31	36	NA	NA	Jordan							NA	NA		Y	Y	NA	165	235	82	201	46	0	106	126	0	0	126	124	43	6082	309	24	285	82	235
M249	M249	M249	illumina_1	S. meliloti	truncatula 	M. truncatula	31	36	NA	NA	Jordan							NA	NA		Y	Y	NA	165	235	82	201	46	0	106	126	0	0	126	124	43	6082	309	24	285	82	235
M268	M268	M268	illumina_1	S. meliloti	orbicularis 	M. orbicularis 	31	36	NA	NA	Jordan							NA	NA		Y	Y	NA	165	235	82	201	46	0	106	126	0	0	126	124	43	6082	309	24	285	82	235
M30	M30	M30	illumina_1	S. meliloti	polymorpha 	M. polymorpha	35	38	NA	NA	Syria							NA	NA		Y	Y	NA	156	256	52	199	33	0	77	94	1	1	94	138	38	8000	350	-7	357	52	256
N6B1	N6B1	N6B1	illumina_1	S. meliloti	falcata 	M. falcata	28	84	NA	NA	Nepal							NA	NA		Y	Y	NA	197	240	131	2536	637	4	107	1693	39	1693	56	109	48	4403	292	65	227	240	140
N6B7	N6B7	N6B7	illumina_1	S. meliloti	falcata 	M. falcata	28	84	NA	NA	Nepal							NA	NA		Y	Y	NA	197	240	131	2536	637	4	107	1693	39	1693	56	109	48	4403	292	65	227	240	140
T094	T094	T094	illumina_1	S. medicae	truncatula 	M. truncatula	34	9	NA	NA	Tunisia							NA	NA		Y	Y	NA	207	300	110	109	15	1	48	40	5	5	36	129	37	7414	388	47	341	164	300
A321	A321	A321	illumina_1	S. medicae	truncatula	M. truncatula	46	2	NA	NA	France							NA	NA		Y	Y	NA	95	165	26	916	96	64	11	247	205	228	229	99	39	5442	234	-14	248	119	57
KH36B	KH36b	KH36B	illumina_1	S. medicae	truncatula	M. truncatula	46	2	NA	NA	France							NA	NA		Y	Y	NA	95	165	26	916	96	64	11	247	205	228	229	99	39	5442	234	-14	248	119	57
KH36D	KH36d	KH36D	illumina_1	S. medicae	truncatula	M. truncatula	46	2	NA	NA	France							NA	NA		Y	Y	NA	95	165	26	916	96	64	11	247	205	228	229	99	39	5442	234	-14	248	119	57
KH53A	KH53a	KH53A	illumina_1	S. medicae	truncatula	M. truncatula	46	2	NA	NA	France							NA	NA		Y	Y	NA	95	165	26	916	96	64	11	247	205	228	229	99	39	5442	234	-14	248	119	57
KH53B	KH53b	KH53B	illumina_1	S. medicae	truncatula	M. truncatula	46	2	NA	NA	France							NA	NA		Y	Y	NA	95	165	26	916	96	64	11	247	205	228	229	99	39	5442	234	-14	248	119	57
M1	M1	M1	illumina_1	S. medicae	 orbicularis 	M. orbicularis 	35	38	NA	NA	Syria							NA	NA		Y	Y	NA	156	256	52	199	33	0	77	94	1	1	94	138	38	8000	350	-7	357	52	256
M102	M102	M102	illumina_1	S. medicae	 truncatula 	M. truncatula	35	38	NA	NA	Syria							NA	NA		Y	Y	NA	156	256	52	199	33	0	77	94	1	1	94	138	38	8000	350	-7	357	52	256
M161	M161	M161	illumina_1	S. medicae	 noeana 	M. noeana	35	38	NA	NA	Syria							NA	NA		Y	Y	NA	156	256	52	199	33	0	77	94	1	1	94	138	38	8000	350	-7	357	52	256
M22	M22	M22	illumina_1	S. medicae	 polymorpha 	M. polymorpha	35	38	NA	NA	Syria							NA	NA		Y	Y	NA	156	256	52	199	33	0	77	94	1	1	94	138	38	8000	350	-7	357	52	256
M58	M58	M58	illumina_1	S. medicae	 rotata 	M. rotata	31	36	NA	NA	Jordan							NA	NA		Y	Y	NA	165	235	82	201	46	0	106	126	0	0	126	124	43	6082	309	24	285	82	235
